shipment_id,region,route,distance_miles,expected_days,delivery_days,cost_usd,expected_date,delivery_date,delayed,delay_days_by_value,delay_days,cost_per_mile
d0ce1724-3ebd-4919-94c8-130e450f1bdc,West,A-B,927.47,3,3,2504.17,2025-07-27,2025-07-27,False,0,0,2.7000010782019905
86a7a677-e5e4-40db-b1a1-d73463be5746,West,E-F,1415.22,2,2,3354.07,2025-07-31,2025-07-31,False,0,0,2.369999010754512
d1124997-9909-44ef-8270-c7013d9a3229,South,D-E,1424.2,5,8,4685.62,2025-07-22,2025-07-25,True,3,3,3.2900014042971493
dba33228-a302-4190-bef6-2cce61db1100,Northeast,B-C,1989.21,2,5,3680.04,2025-07-02,2025-07-05,True,3,3,1.850000754068198
2f706978-6205-424f-a861-3032f945ca6f,Northeast,D-E,810.41,3,5,1393.91,2025-07-19,2025-07-21,False,2,2,1.7200059229279008
fb7294de-5416-45de-b86a-7bd80474a926,West,B-C,162.99,5,7,431.92,2025-07-11,2025-07-13,False,2,2,2.6499785262899564
8bee1403-29f5-4484-8ecb-47a7cc19d9e7,South,E-F,473.43,3,6,1003.67,2025-07-10,2025-07-13,True,3,3,2.119996620408508
71cc91e5-5a58-4de6-8e00-ab0146924f3b,South,A-B,1734.43,6,7,5793.0,2025-07-08,2025-07-09,False,1,1,3.340002190921513
f199194f-8081-43d6-be21-8d501e44e275,Midwest,C-D,171.11,5,5,451.73,2025-07-18,2025-07-18,False,0,0,2.6399976623224823
c9230c3a-ccc6-40fa-aee9-a117d74be768,South,A-B,1245.42,5,8,2727.47,2025-07-17,2025-07-20,True,3,3,2.1900001605883954
ebcf7b6c-4599-47f6-a57b-584804026013,Northeast,E-F,435.14,7,8,722.33,2025-07-30,2025-07-31,False,1,1,1.6599944845337133
f4d0e87a-ac1e-4bfa-a3ad-4f1a7d9596dc,West,C-D,1359.88,6,8,4106.84,2025-07-28,2025-07-30,False,2,2,3.0200017648616053
42028397-ff66-44f9-82d0-7e65aa0f9f7a,Northeast,C-D,1882.17,2,1,5213.61,2025-07-12,2025-07-11,False,-1,-1,2.7699995218285274
282d443b-b8c3-4b8d-93e6-ec565ac0aa03,South,E-F,1395.6,4,7,4577.57,2025-07-20,2025-07-23,True,3,3,3.28000143307538
f136b7fc-4272-465b-b632-728faa870c9b,Midwest,E-F,1865.45,7,7,5670.97,2025-07-14,2025-07-14,False,0,0,3.0400010721273687
8a518783-0ef9-4f28-854b-33358f8b628d,Midwest,C-D,799.65,6,5,1607.3,2025-07-24,2025-07-23,False,-1,-1,2.0100043769149
c46c688d-f8d1-424f-9556-528cf60c7ca1,West,E-F,1367.66,5,8,4171.36,2025-07-07,2025-07-10,True,3,3,3.0499978064723683
f90fd0f4-e29d-4558-9fb1-a17e7ff24481,South,E-F,1003.6,7,9,3221.56,2025-07-26,2025-07-28,False,2,2,3.210003985651654
7350bba9-e1cc-4b2e-9537-59ae4d0ae652,Midwest,A-B,1200.66,5,8,2965.63,2025-07-20,2025-07-23,True,3,3,2.4699998334249496
bd09dfc5-1204-4349-95b1-af71c90c87db,South,A-B,534.18,7,9,1121.78,2025-07-08,2025-07-10,False,2,2,2.100003744056311
b00eb2fa-49ec-4c42-8a71-7e9c01e1abf7,Northeast,B-C,1603.21,3,6,5050.11,2025-07-05,2025-07-08,True,3,3,3.149999064377093
bfdadf6a-039e-4409-9972-51e73f085456,Midwest,C-D,1613.19,4,4,3290.91,2025-07-15,2025-07-15,False,0,0,2.0400014877354806
52d114cb-b965-4cf0-8dd9-6660aaf788d3,West,B-C,260.8,7,10,425.1,2025-07-09,2025-07-12,True,3,3,1.6299846625766872
7090027d-e110-424d-9fae-00fd53f1722a,Midwest,C-D,370.51,2,5,1211.57,2025-07-28,2025-07-31,True,3,3,3.270006207659712
3ef4f041-4ca0-4899-a435-3ff276b13bdb,Northeast,A-B,1676.35,6,9,2631.87,2025-07-16,2025-07-19,True,3,3,1.5700002982670684
0518380c-7522-4092-9dd0-31620a2037d1,Midwest,A-B,1535.2,3,2,4052.93,2025-07-19,2025-07-18,False,-1,-1,2.640001302761855
6ccb2668-9d62-446b-8891-9a38c8e52cdc,Midwest,B-C,1896.72,4,6,3338.23,2025-07-18,2025-07-20,False,2,2,1.7600014762326543
f86a3fb7-b194-4d2e-91d3-9218985f934b,Northeast,E-F,1510.47,3,6,2809.47,2025-07-17,2025-07-20,True,3,3,1.8599972194085284
0bf38db2-15ca-4270-96b1-ebf496f67f42,South,E-F,1642.15,2,1,4138.22,2025-07-20,2025-07-19,False,-1,-1,2.5200012179155378
8756725b-81e7-40ed-8127-ed1d9c88f480,South,A-B,1960.83,7,7,5627.58,2025-07-11,2025-07-11,False,0,0,2.8699989290249537
4c363733-c60a-49dc-b688-4cf506bf3309,West,B-C,965.05,5,8,2653.89,2025-07-30,2025-08-02,True,3,3,2.75000259053935
e2a3a5d5-41ed-4955-826a-c68bca860027,South,A-B,520.45,3,5,1681.05,2025-07-09,2025-07-11,False,2,2,3.2299932750504365
5ba4ffb1-f9f9-4f6c-bd41-b6b6187267da,South,E-F,1197.62,5,4,3485.07,2025-08-01,2025-07-31,False,-1,-1,2.9099964930445386
ced9d92e-777f-4bb5-a053-79d5275f0595,West,D-E,1675.44,6,8,4858.78,2025-07-16,2025-07-18,False,2,2,2.9000023874325547
7f18998b-85e4-4ff6-b491-3fb3267df957,West,D-E,792.27,7,10,2456.04,2025-07-27,2025-07-30,True,3,3,3.1000037865879055
d3447f1d-feb3-4645-85f6-4748158aafcf,Midwest,A-B,1735.18,7,6,5517.87,2025-07-19,2025-07-18,False,-1,-1,3.1799986168581933
a703c3b2-60b0-4b52-8a82-e5ffac5922bd,Northeast,A-B,1252.99,3,5,2957.06,2025-07-07,2025-07-09,False,2,2,2.360002873127479
ae7bb81c-e796-4d86-8138-825cd998c019,West,B-C,1761.08,4,3,2941.0,2025-07-06,2025-07-05,False,-1,-1,1.66999795579985
262f6432-a0da-42a4-aadb-c2660ad49b57,Northeast,C-D,1718.36,3,4,2852.48,2025-07-28,2025-07-29,False,1,1,1.660001396680556
450ca8e2-49ad-4693-8129-ca5685f235b1,Northeast,C-D,405.7,7,8,1087.28,2025-07-18,2025-07-19,False,1,1,2.6800098595020954
9ac5e444-3b63-46cb-b3af-3dde216085d1,Northeast,A-B,593.06,2,1,1144.61,2025-07-11,2025-07-10,False,-1,-1,1.9300070819141402
aff37fca-f044-4250-bf64-4b7e9f1485c1,Northeast,C-D,678.7,4,6,2205.78,2025-07-08,2025-07-10,False,2,2,3.250007367025195
dbd5e102-a4bf-4a61-941b-efc083c3a159,Northeast,B-C,1726.75,5,7,5404.73,2025-07-25,2025-07-27,False,2,2,3.1300014478065727
610ed65d-936f-4dd9-997c-fd23e1af9f02,West,A-B,1636.79,3,2,3600.94,2025-08-01,2025-07-31,False,-1,-1,2.2000012219038485
77272094-6367-4294-bee9-5b178a041e21,South,B-C,195.05,7,9,378.4,2025-07-15,2025-07-17,False,2,2,1.9400153806716225
ec245da0-8fe0-4296-805f-af0158562c09,South,C-D,999.36,3,2,3327.87,2025-07-27,2025-07-26,False,-1,-1,3.330001200768492
649f2eec-41ee-4710-99b7-34ece1bc1119,West,C-D,677.33,3,2,2262.28,2025-07-17,2025-07-16,False,-1,-1,3.3399967519525195
6b8e7b09-6e7a-4ce5-87c0-9de180f4cbb1,Midwest,C-D,508.33,4,4,1423.32,2025-07-06,2025-07-06,False,0,0,2.7999921310959417
55d5cadf-0f94-4557-94db-e43c5331f02a,South,A-B,1154.43,6,7,2874.53,2025-07-22,2025-07-23,False,1,1,2.4899993936401517
966d8f78-92c7-4477-8c60-efb91bde1601,Northeast,C-D,1864.63,3,3,4624.28,2025-07-07,2025-07-07,False,0,0,2.479998712881376
71ae5e3d-ffc9-4f57-aa39-6e7e4898f0ac,Midwest,B-C,227.62,2,5,512.14,2025-07-12,2025-07-15,True,3,3,2.249978033564713
4acd3556-986a-4380-bf54-0ee5c6fbcd13,Midwest,C-D,598.52,6,5,2076.86,2025-07-07,2025-07-06,False,-1,-1,3.4699926485330486
3398a3a7-4ae5-446b-adbe-8171f14d9ed5,Northeast,A-B,1701.62,5,4,5734.46,2025-07-22,2025-07-21,False,-1,-1,3.3700003526051647
5ab1b7d6-cccd-42ba-9318-240b3d4a55d6,West,D-E,1045.4,7,8,2550.78,2025-07-04,2025-07-05,False,1,1,2.440003826286589
6ac8de48-5d25-4493-8105-1de29efb1bcc,Midwest,C-D,1752.43,3,3,3294.57,2025-07-31,2025-07-31,False,0,0,1.8800009130179236
ec9600c1-0d39-4cfb-9233-0b36e73c03c9,West,C-D,964.15,2,2,3133.49,2025-08-02,2025-08-02,False,0,0,3.2500025929575274
108564ad-02f8-4ee4-9fed-f8ee04445827,Midwest,B-C,1803.07,4,6,3930.69,2025-07-04,2025-07-06,False,2,2,2.1799985580149412
afe0e6ff-17c0-42fa-9ca7-9cd2c082e39d,South,D-E,1881.6,2,2,3462.14,2025-07-07,2025-07-07,False,0,0,1.8399978741496599
09c4c68a-1d5b-427a-9a24-002160d52837,Midwest,C-D,1120.55,4,7,2285.92,2025-07-15,2025-07-18,True,3,3,2.039998215162197
991c197f-6bca-4ff9-937d-c06bceb4709a,Northeast,B-C,1125.64,3,5,2059.92,2025-07-04,2025-07-06,False,2,2,1.829998933939803
e898ccfc-e4d1-4842-8b3f-4f1d0e644205,Midwest,D-E,1844.79,3,3,5220.76,2025-07-12,2025-07-12,False,0,0,2.8300023308886106
8fa13ac4-f972-4ee5-b90b-8527364dcfa5,Northeast,C-D,965.78,2,4,2684.87,2025-07-29,2025-07-31,False,2,2,2.7800016566920003
d32b5847-9951-4da5-9716-d41693d7e803,South,B-C,651.68,4,6,1140.44,2025-07-18,2025-07-20,False,2,2,1.7500000000000002
0ea59735-c4c4-4c66-b567-6a917eb9b403,Midwest,C-D,1636.63,2,2,2798.64,2025-07-09,2025-07-09,False,0,0,1.7100016497314603
cb57e789-d5d5-44e7-97b2-cb1c0419cf9c,West,C-D,1182.34,5,4,2672.09,2025-07-09,2025-07-08,False,-1,-1,2.2600013532486427
7879b037-af07-435c-b230-1ec8b6ad72c3,Midwest,C-D,1631.46,4,5,3262.92,2025-07-24,2025-07-25,False,1,1,2.0
88ff3b18-88bf-4693-9290-925cffdd791a,Midwest,E-F,381.76,5,6,584.09,2025-07-15,2025-07-16,False,1,1,1.5299926655490361
1295441d-8a9c-4c31-9029-f4168769b2b4,Northeast,D-E,1889.77,4,3,5480.33,2025-07-28,2025-07-27,False,-1,-1,2.8999984125052256
798e8379-86c8-46bf-a859-7f99b1407491,South,A-B,1292.99,3,2,2650.63,2025-08-01,2025-07-31,False,-1,-1,2.050000386700593
e3fd4c3a-02d2-4e19-a49f-687a677bf853,West,D-E,1057.29,6,8,2949.84,2025-07-04,2025-07-06,False,2,2,2.790000851232869
824aab10-7b08-4e48-a011-937ed22a08a3,Midwest,D-E,1088.72,4,3,1959.7,2025-07-06,2025-07-05,False,-1,-1,1.8000036740392387
ad4a6784-6b87-4b61-b187-c227063a6007,Midwest,C-D,1369.88,3,4,2739.76,2025-07-12,2025-07-13,False,1,1,2.0
904e8995-1164-49c8-b0be-f3c63d33819f,Northeast,D-E,580.08,6,5,1305.18,2025-07-25,2025-07-24,False,-1,-1,2.25
2b5cf04c-9553-4896-bb02-a79e1f7c55d5,Northeast,E-F,1898.85,5,8,3683.77,2025-07-28,2025-07-31,True,3,3,1.9400005266345421
7e6f8899-65a5-40d1-b08e-d4372446f487,Midwest,C-D,378.7,6,9,1173.97,2025-07-30,2025-08-02,True,3,3,3.1
85fc1754-2b80-4e73-aa86-0db8279a518d,West,C-D,469.13,2,3,1266.65,2025-07-25,2025-07-26,False,1,1,2.6999978683946884
ee3fe334-e960-4397-8536-1019694c07ea,Northeast,D-E,1857.32,5,4,5219.07,2025-07-12,2025-07-11,False,-1,-1,2.8100004307281456
13edc428-096f-488c-830c-24ea833d8b8f,Midwest,C-D,208.86,3,6,588.99,2025-07-20,2025-07-23,True,3,3,2.820022981901752
585d2f37-1b96-445f-9637-8367628818c1,Midwest,A-B,1038.32,6,6,1806.68,2025-07-26,2025-07-26,False,0,0,1.7400030819015335
71724843-7950-492c-bade-29f008375550,Northeast,A-B,1860.24,3,5,4985.44,2025-07-31,2025-08-02,False,2,2,2.6799982797918545
9ab7c29f-74e6-47c8-aa54-4706a051158e,South,B-C,593.68,6,5,1056.75,2025-07-16,2025-07-15,False,-1,-1,1.7799993262363565
5a3f5ee3-56fc-41be-8fb2-7dacb335701a,Northeast,B-C,1145.77,6,5,2795.68,2025-07-06,2025-07-05,False,-1,-1,2.440001047330616
f5060ee5-4665-4d0f-acb2-b6cf9fd19290,South,D-E,1069.06,3,3,2651.27,2025-07-05,2025-07-05,False,0,0,2.4800011224814322
16ef3cf7-c324-4b16-b738-e3ba7a870acc,West,C-D,1904.75,5,4,5180.92,2025-07-27,2025-07-26,False,-1,-1,2.72
29c2842f-cc0b-42d9-93f3-b24c34c1e16e,Northeast,E-F,1924.53,2,1,5061.51,2025-07-10,2025-07-09,False,-1,-1,2.6299979735312
5586ba14-d15a-4bde-a172-4118e97e5803,South,A-B,1312.08,4,4,2217.42,2025-07-08,2025-07-08,False,0,0,1.6900036583135176
711714b0-50fb-4f19-a9c7-e8cc7e4e7508,South,B-C,1332.97,2,5,4545.43,2025-07-08,2025-07-11,True,3,3,3.410001725470191
baa4533c-099b-482c-887e-be0d196e5aa3,South,D-E,503.94,3,6,851.66,2025-07-12,2025-07-15,True,3,3,1.690002778108505
b98e16b6-138e-455e-b8f2-c1a2959d0651,West,D-E,1262.63,2,3,3649.0,2025-07-15,2025-07-16,False,1,1,2.889999445601641
fbc98dcf-fcc1-4fa6-bf6c-8769fa57f9fc,Northeast,A-B,996.39,5,6,2241.88,2025-07-29,2025-07-30,False,1,1,2.2500025090576985
164030a9-3334-44df-b847-11c02160ce59,Midwest,C-D,1268.23,7,8,2346.23,2025-07-06,2025-07-07,False,1,1,1.8500035482522885
a0ede2a3-2efe-42b0-9969-e07ddd98969c,South,A-B,593.31,4,7,1809.6,2025-07-21,2025-07-24,True,3,3,3.0500075845679326
a31b5dc1-1040-455b-af0a-b7c37c6abe65,Midwest,E-F,1741.32,3,4,3238.86,2025-07-27,2025-07-28,False,1,1,1.8600027565295294
29dda637-0989-498a-9e3c-125d63481105,Northeast,D-E,1322.34,3,2,4271.16,2025-07-30,2025-07-29,False,-1,-1,3.230001361223286
728fed86-da5d-486c-b21e-a56c9aa994e7,Northeast,E-F,614.67,2,2,2065.29,2025-07-30,2025-07-30,False,0,0,3.35999804773293
e148c9f6-099c-4de9-88f8-07bdb70ca4c4,West,A-B,442.48,3,5,1420.36,2025-07-23,2025-07-25,False,2,2,3.209998192008678
b18cc10b-93d3-413e-bd03-0739f74c5499,Midwest,D-E,1284.64,4,6,3327.22,2025-07-25,2025-07-27,False,2,2,2.590001868227674
30649a21-c74f-4c18-84d1-ec01dd1272f3,Midwest,A-B,539.91,2,2,1824.9,2025-07-09,2025-07-09,False,0,0,3.3800077790742904
9fca5ae0-0908-4161-ae4e-ae2797728718,Northeast,D-E,1065.16,3,6,3408.51,2025-07-20,2025-07-23,True,3,3,3.199998122347816
624e14a9-9b06-458a-8308-9942eaa1c10d,Northeast,A-B,1389.27,5,7,3237.0,2025-07-08,2025-07-10,False,2,2,2.3300006478222377
ef91f25b-adec-42f8-a423-fc670ed15e14,Midwest,C-D,1292.0,2,4,3682.2,2025-07-26,2025-07-28,False,2,2,2.8499999999999996
425c4469-923f-4b7e-b7a0-0a740176dabc,Northeast,E-F,594.84,6,9,1867.8,2025-07-07,2025-07-10,True,3,3,3.140004034698406
ae07f242-fb0e-46df-8dac-5693b5a036c4,West,A-B,1477.47,4,4,4698.35,2025-07-06,2025-07-06,False,0,0,3.179996886569609
ee7b38da-c6ae-4a03-b6c3-fbe020590a8c,West,D-E,1085.29,7,8,2919.43,2025-08-01,2025-08-02,False,1,1,2.689999907858729
9a7096c3-70dc-4baa-85cc-e678a720d42a,West,D-E,1616.57,6,9,2635.01,2025-07-10,2025-07-13,True,3,3,1.6300005567343203
f7fa7249-5867-4703-ad8e-48fe52f26111,South,A-B,511.28,4,3,1743.46,2025-07-07,2025-07-06,False,-1,-1,3.409990611797841
5aa2e602-93f2-46d5-a8bc-9243f851d311,West,D-E,938.26,6,6,3039.96,2025-07-15,2025-07-15,False,0,0,3.2399974420736255
f0bef2c1-b326-4766-8a1f-6ec480bb1e2e,Northeast,B-C,597.24,2,2,2030.62,2025-08-03,2025-08-03,False,0,0,3.400006697475052
59666157-5246-40e2-bf66-e3dbc322f448,West,A-B,1448.41,7,7,3823.8,2025-07-26,2025-07-26,False,0,0,2.6399983430106118
a5a54109-e855-42a7-8cd8-41e814acf726,South,E-F,1251.84,3,6,2991.9,2025-07-14,2025-07-17,True,3,3,2.3900019171779143
9221a0cd-00ff-4746-824d-4f544cc5d781,South,A-B,575.26,5,8,1294.34,2025-07-06,2025-07-09,True,3,3,2.250008691722004
18792b0f-cbcd-46bc-a293-625f2ca8d826,South,C-D,757.28,2,2,2233.98,2025-07-10,2025-07-10,False,0,0,2.950005282062117
674bfae6-002f-420b-b6ea-5a26f8f806a3,West,D-E,1757.21,3,6,5341.92,2025-07-15,2025-07-18,True,3,3,3.040000910534313
35cea4be-98d3-404b-8b9c-ca9e927d9a28,Northeast,E-F,1077.99,2,2,3697.51,2025-07-11,2025-07-11,False,0,0,3.430003988905278
361e7872-02e1-4057-8060-0811177105a6,Northeast,D-E,1820.77,2,1,4005.69,2025-07-14,2025-07-13,False,-1,-1,2.1999978031272485
db0d4bc3-8086-43cf-a526-78a8f76ef216,Northeast,B-C,1642.74,2,1,5125.35,2025-07-09,2025-07-08,False,-1,-1,3.1200007304868698
55981008-2027-43b6-b95a-db7f3f47649c,Northeast,E-F,294.67,7,8,1007.77,2025-08-01,2025-08-02,False,1,1,3.419995248922523
064f32c6-18c1-4e4c-8532-f0e833beec2d,Northeast,A-B,1926.96,5,7,6224.08,2025-07-30,2025-08-01,False,2,2,3.2299995848382945
c0a6c648-abbc-431e-bf7e-f9e08ec41ca4,Northeast,B-C,284.12,4,5,562.56,2025-07-12,2025-07-13,False,1,1,1.9800084471350132
277c711f-3109-4439-aac6-03b4e3bd01a7,Northeast,A-B,1556.61,4,5,2350.48,2025-07-31,2025-08-01,False,1,1,1.5099992933361601
d66dc46d-81ee-4ee2-8b1b-93046a12cae3,Midwest,E-F,723.25,4,3,2054.03,2025-07-28,2025-07-27,False,-1,-1,2.8400000000000003
d89cd5ec-3147-437c-9ced-4209040492a2,Northeast,A-B,872.47,7,8,2469.09,2025-07-12,2025-07-13,False,1,1,2.8299998853828785
e7eef3d1-69a9-4b42-b457-561f14bd8d50,Northeast,D-E,392.05,6,6,717.45,2025-07-07,2025-07-07,False,0,0,1.8299961739574035
88cf76e8-a502-4006-b431-279f01eced14,West,A-B,1856.78,2,1,4976.17,2025-07-25,2025-07-24,False,-1,-1,2.6799997845732935
f04d2dd1-32d8-44e8-8fa6-bf150856901a,Midwest,D-E,996.89,3,2,3409.36,2025-07-15,2025-07-14,False,-1,-1,3.4199961881451317
544e1305-de72-436a-9b4c-a171d7f09069,Northeast,A-B,354.02,7,9,1139.94,2025-07-15,2025-07-17,False,2,2,3.2199875713236543
aaab0a9b-e419-4a11-aba6-6685cb43aeef,South,A-B,1932.7,6,8,4058.67,2025-08-01,2025-08-03,False,2,2,2.1
ff2653b4-2664-4af7-a75d-3f9f4ccfe895,West,E-F,1895.58,7,9,3734.29,2025-07-31,2025-08-02,False,2,2,1.9699986283881452
a5b72f30-798f-48ae-b035-fc41b933330c,Midwest,B-C,132.46,5,6,315.25,2025-07-12,2025-07-13,False,1,1,2.379963762645327
1963044f-9bc4-4e49-baf0-a3cc37f18bb0,South,E-F,1667.81,3,4,4853.33,2025-07-13,2025-07-14,False,1,1,2.9100017388071784
db8fcaf6-a304-4ab1-add8-bea51bdff178,West,B-C,1867.33,7,7,3659.97,2025-07-28,2025-07-28,False,0,0,1.960001713676747
55cb99f3-8e9f-421e-a286-2f2e06af6025,West,C-D,827.05,4,7,1422.53,2025-07-30,2025-08-02,True,3,3,1.720004836466961
2ebc15bc-260e-4251-851a-34836fe5fbeb,West,E-F,1114.69,5,5,2942.78,2025-07-08,2025-07-08,False,0,0,2.6399985646233484
147435e8-647d-45ab-850f-c91fac4ca82e,Midwest,B-C,1157.86,3,5,3462.0,2025-07-24,2025-07-26,False,2,2,2.9899987908728174
b1df1de5-3b6a-4c41-b9d7-bef1a0a620bf,West,B-C,1560.81,2,1,4026.89,2025-07-14,2025-07-13,False,-1,-1,2.580000128138595
ec1c7187-9ed3-4eb1-b04f-afdb884347ea,Midwest,A-B,1409.74,2,5,2608.02,2025-07-19,2025-07-22,True,3,3,1.8500007093506603
20a98b9b-1172-4a0d-9ca7-aa29f8a35a93,South,C-D,1038.31,2,1,2938.42,2025-07-15,2025-07-14,False,-1,-1,2.830002600379463
391e4cd9-d697-4256-aabd-1483592d82b6,Northeast,A-B,1891.1,6,7,4425.17,2025-07-26,2025-07-27,False,1,1,2.339997884828936
0120f318-499e-476f-bc9a-a19526b72906,West,B-C,932.9,4,7,3022.6,2025-07-03,2025-07-06,True,3,3,3.240004287705006
8cf5c86a-05e9-47a6-9f42-f8740d7e0340,Midwest,C-D,1357.63,6,8,3882.82,2025-07-04,2025-07-06,False,2,2,2.859998674160117
78962f87-c890-4c1b-986e-6cfa6e802ef5,Midwest,D-E,305.36,2,1,583.24,2025-08-01,2025-07-31,False,-1,-1,1.910007859575583
600610e4-a52a-44cb-ac88-0f028c903081,Northeast,B-C,1124.26,7,8,2091.12,2025-07-04,2025-07-05,False,1,1,1.8599967978937255
79ae85e9-39fe-4cce-b6e0-299c780452a9,South,E-F,539.99,4,7,901.78,2025-07-12,2025-07-15,True,3,3,1.669993888775718
78c5933c-e4fa-4689-a227-b9926010f6b5,South,B-C,1975.38,2,3,3733.47,2025-07-20,2025-07-21,False,1,1,1.8900009112170821
3d00df1a-e635-44ef-abfa-f738e8eec4db,Midwest,E-F,604.35,3,5,2097.09,2025-07-23,2025-07-25,False,2,2,3.469992553983619
4ff96743-4327-4b23-9e29-1231fdda5ab5,Northeast,B-C,815.1,6,8,1377.52,2025-07-15,2025-07-17,False,2,2,1.690001226843332
64b4a095-90db-4197-b06e-3debc9b8540e,Midwest,D-E,1924.03,2,5,4867.8,2025-07-26,2025-07-29,True,3,3,2.5300021309439042
89b9a920-2b66-4eab-8b1a-6181895a8f73,South,E-F,155.5,7,7,457.17,2025-07-22,2025-07-22,False,0,0,2.94
0d5a0dd8-1db0-4a17-99e0-ddfd3c5b2e1f,West,C-D,984.06,2,2,2391.27,2025-07-09,2025-07-09,False,0,0,2.430004268032437
89f71c02-0b2b-46f1-b072-fd28c8a93047,Northeast,A-B,1817.01,4,3,3888.4,2025-07-23,2025-07-22,False,-1,-1,2.139999229503415
a8099367-0c31-48bc-8570-61af18e7080f,Northeast,E-F,242.39,5,5,576.89,2025-07-05,2025-07-05,False,0,0,2.3800074260489295
1ca29b69-8086-464d-98ab-e789c4ee1efe,Northeast,A-B,1997.81,7,6,6293.1,2025-07-22,2025-07-21,False,-1,-1,3.14999924917785
c48741ed-81b0-495b-bea5-f2aaf35c9031,Northeast,B-C,604.24,5,8,1075.55,2025-07-24,2025-07-27,True,3,3,1.7800046339202964
2b99a41e-3eee-4fab-9ac2-225e8e66d323,West,D-E,1734.75,6,8,4146.05,2025-07-26,2025-07-28,False,2,2,2.3899985588701544
c1e07055-8f99-47ae-8734-607476c149c8,South,C-D,1019.81,2,4,2039.62,2025-07-15,2025-07-17,False,2,2,2.0
6325b410-1ce5-4c38-80cf-411547ab6fcf,Northeast,A-B,1664.0,7,6,3627.52,2025-07-11,2025-07-10,False,-1,-1,2.18
df1948c9-7ca4-47d3-a528-8cd54ba64f2f,Midwest,A-B,646.23,3,6,1757.75,2025-07-29,2025-08-01,True,3,3,2.720006808721353
527ed07e-f861-4cb7-bbfd-10f3634048e8,Northeast,B-C,646.26,7,8,2171.43,2025-07-16,2025-07-17,False,1,1,3.359994429486584
898a2d0f-9fce-40ec-ba41-019b2bac5943,Northeast,E-F,375.0,6,9,1128.75,2025-07-04,2025-07-07,True,3,3,3.01
8521624f-abf3-47f5-acdc-020a7f4541c8,West,D-E,579.68,6,9,1211.53,2025-07-11,2025-07-14,True,3,3,2.0899979298923546
2c34c181-28c9-4ecb-afeb-d74f3f848f90,South,A-B,1151.64,3,5,1957.79,2025-07-19,2025-07-21,False,2,2,1.7000017366538152
a85c5a30-fc08-468d-9474-6edd4b10f608,West,B-C,1672.6,3,5,3445.56,2025-07-17,2025-07-19,False,2,2,2.060002391486309
6b6309d0-5003-465e-a6ac-4dd43ed483ed,South,E-F,965.57,5,4,1998.73,2025-07-20,2025-07-19,False,-1,-1,2.070000103565769
3d6669e6-f3be-42a9-ab7a-8e57d1ed163f,Midwest,D-E,732.74,7,10,1472.81,2025-07-02,2025-07-05,True,3,3,2.010003548325463
914925ce-1044-4251-abd2-4ce38760b53d,South,E-F,1076.41,4,3,3670.56,2025-07-24,2025-07-23,False,-1,-1,3.4100017651266707
e9e0e7a9-ab3e-42e0-8b2a-65710e501923,Northeast,D-E,482.75,7,10,1337.22,2025-07-03,2025-07-06,True,3,3,2.770005178663905
807572b7-d3c6-4dea-8bf3-21063028f0a6,West,C-D,691.85,2,1,1245.33,2025-07-21,2025-07-20,False,-1,-1,1.7999999999999998
3ec699d6-5b6c-4b60-8134-cb383f39f977,Northeast,D-E,1868.51,5,7,3979.93,2025-07-14,2025-07-16,False,2,2,2.130001980187422
d5ea016d-6cbc-4552-8113-8f27e87a52ec,South,B-C,561.22,7,6,1734.17,2025-08-02,2025-08-01,False,-1,-1,3.0900003563664873
98b55f73-7421-436d-b680-b48fe0a5328b,South,A-B,1257.51,6,7,4112.06,2025-07-14,2025-07-15,False,1,1,3.2700018290113007
7989497b-06ee-4239-b4aa-c49df8530e19,Northeast,B-C,518.64,4,7,1405.51,2025-07-05,2025-07-08,True,3,3,2.7099915162733303
05c84ad0-8692-4b34-8836-d3efd5a8af50,South,C-D,1235.16,6,6,4038.97,2025-07-23,2025-07-23,False,0,0,3.269997409242527
119cbccf-212c-4740-afce-5aebdfe346a9,Northeast,C-D,1634.43,5,5,5099.42,2025-07-12,2025-07-12,False,0,0,3.119999021065448
859c985d-f0d1-4d89-80af-dddc9fc645fc,Northeast,D-E,434.44,2,1,1060.03,2025-07-29,2025-07-28,False,-1,-1,2.4399917134702145
9cd30a0f-96ad-4649-b823-5d85e23f27f6,Northeast,C-D,342.17,7,7,619.33,2025-07-17,2025-07-17,False,0,0,1.8100067218049507
fb78f9d0-e6ce-4003-a5b1-090a8ef392a8,South,C-D,698.11,6,7,2017.54,2025-07-26,2025-07-27,False,1,1,2.890003008121929
d8793689-3a18-45b6-a90f-c6f41fca005d,Northeast,A-B,1918.02,6,8,4852.59,2025-07-22,2025-07-24,False,2,2,2.5299996871774018
409dfafb-b9b0-4f16-8653-d2cb9ee5dfc7,South,D-E,1604.49,7,7,5583.63,2025-07-14,2025-07-14,False,0,0,3.480002991604809
a8c0f56b-b1a8-452f-92e2-f9a64a0c5bab,Northeast,E-F,1341.72,7,7,2790.78,2025-07-21,2025-07-21,False,0,0,2.0800017887487705
f6dd1845-7af5-441b-8dfd-a7d3aa040473,South,E-F,620.11,2,3,1221.62,2025-07-31,2025-08-01,False,1,1,1.9700053216364837
8b0710b5-6217-4b8a-9702-6028f14353cc,Northeast,C-D,714.55,7,10,2222.25,2025-07-09,2025-07-12,True,3,3,3.1099993002589046
9a4d5233-83df-416e-9e1d-b1447265e9f0,South,B-C,1368.53,7,10,3462.38,2025-07-16,2025-07-19,True,3,3,2.5299993423600506
3e4a77a7-f7c5-44bf-8319-b1c2c7429fdb,Midwest,C-D,393.37,5,5,1097.5,2025-07-23,2025-07-23,False,0,0,2.789994153087424
2bbe57a5-f485-41cb-ad06-69d8b5974295,Midwest,B-C,993.35,3,4,2831.05,2025-07-26,2025-07-27,False,1,1,2.8500025167362963
8e5ad82f-2c18-4f95-a47b-cfb028391712,West,E-F,616.32,7,7,2095.49,2025-07-19,2025-07-19,False,0,0,3.400003245067497
dbab4731-a0f9-477a-b8ca-0c0976fa9aa7,Northeast,A-B,1736.91,5,7,4185.95,2025-07-12,2025-07-14,False,2,2,2.4099982152212838
f7c04a57-0ebe-4e61-ae1a-3c268eb2bfe2,Midwest,C-D,1524.04,3,2,5303.66,2025-07-26,2025-07-25,False,-1,-1,3.4800005249206056
91dddcf3-3acc-48fc-9736-17b36121e258,Midwest,C-D,240.25,7,9,564.59,2025-07-04,2025-07-06,False,2,2,2.3500104058272635
a5bf52e1-5f3a-41eb-84b1-5b4a80cb9b5e,Northeast,C-D,1026.37,6,8,2914.89,2025-07-10,2025-07-12,False,2,2,2.8399992205539912
e283ac0f-7126-4bc1-8b2a-cd1f53c0f505,South,D-E,552.72,5,8,1470.24,2025-07-31,2025-08-03,True,3,3,2.6600086843247936
b043ee16-1c59-4343-9ad1-b2ac3c71cf6b,West,B-C,519.42,7,9,1797.19,2025-07-03,2025-07-05,False,2,2,3.459993839282277
44198330-5429-4dff-a25e-900cefb26620,Midwest,A-B,183.55,3,5,491.91,2025-07-28,2025-07-30,False,2,2,2.6799782075728684
3bb88805-ff73-4dd2-8475-b9d85ea3e319,Midwest,C-D,1804.72,5,4,4836.65,2025-07-31,2025-07-30,False,-1,-1,2.68000022164103
739af1ad-9fad-44d0-8c79-2498743b836c,South,B-C,1005.94,6,7,2665.74,2025-07-04,2025-07-05,False,1,1,2.6499990059049243
2f7ecae6-a0f4-40c9-9b80-aab9d8d0b4bd,Midwest,D-E,785.63,3,6,2521.87,2025-07-23,2025-07-26,True,3,3,3.2099970724132225
d2aec2b8-3fcd-4b2c-bba1-a36a2b8e4fbb,West,B-C,144.41,3,6,342.25,2025-07-15,2025-07-18,True,3,3,2.3699882279620526
139a3ee3-c8c5-4aa3-8160-a3ed671c069c,South,A-B,1305.19,6,6,3680.64,2025-07-29,2025-07-29,False,0,0,2.8200032179222947
2cb93cc4-c270-4132-a176-d7ae42985d24,Midwest,C-D,1830.6,4,6,5583.33,2025-07-29,2025-07-31,False,2,2,3.0500000000000003
e87c49b7-9b59-46bf-a07b-6e87bbda94f9,South,B-C,1795.16,7,10,4164.77,2025-07-13,2025-07-16,True,3,3,2.3199993315359078
22376a10-a043-4039-8e31-64cb47b64884,Northeast,B-C,903.44,7,7,2936.18,2025-07-28,2025-07-28,False,0,0,3.2499999999999996
d107a1a6-8085-4206-80ec-18bb73812b63,Midwest,E-F,1390.98,7,7,2114.29,2025-07-16,2025-07-16,False,0,0,1.520000287567039
7d78ec58-3ede-4f3a-81ab-8d2177ef6be7,Northeast,A-B,1439.74,5,7,2793.1,2025-07-07,2025-07-09,False,2,2,1.9400030561073527
4662b4ac-57a2-458e-9820-d600f2c93946,West,B-C,1918.64,4,4,3971.58,2025-08-01,2025-08-01,False,0,0,2.0699974982279112
cd8263d7-cfb3-4d0c-b809-661fea00ee00,West,E-F,1915.94,2,5,3065.5,2025-07-13,2025-07-16,True,3,3,1.5999979122519494
2ed467d3-264d-4739-b306-e9fe49e683e2,Midwest,E-F,1091.21,3,4,2215.16,2025-07-24,2025-07-25,False,1,1,2.0300033907313897
65efbb88-f8c1-4006-9758-2d104fc72741,South,E-F,1430.49,7,9,4234.25,2025-07-04,2025-07-06,False,2,2,2.9599997203755355
98a36829-1de7-4c3f-b246-cb6af3c77d0f,Midwest,E-F,1249.52,2,2,4310.84,2025-07-23,2025-07-23,False,0,0,3.4499967987707283
6ad97f0f-94c7-492b-ae86-e652e14d0f92,Northeast,E-F,1329.19,5,6,3774.9,2025-07-24,2025-07-25,False,1,1,2.8400003009351558
f29a40dc-96d2-4e9d-ac3c-d004e074f05d,South,B-C,739.63,4,7,1708.55,2025-07-27,2025-07-30,True,3,3,2.310006354528616
01a22179-30cc-4205-a6dd-903ceec11e1f,Northeast,B-C,215.12,4,7,733.56,2025-07-04,2025-07-07,True,3,3,3.4100037188545924
b3d63a2c-c915-4a7e-a5fc-9e036adff1c8,Northeast,C-D,1969.54,5,8,5948.01,2025-07-06,2025-07-09,True,3,3,3.0199995938137842
89bdeff7-16a7-44f4-b502-967c72eb11bd,Northeast,A-B,962.73,3,2,2474.22,2025-08-02,2025-08-01,False,-1,-1,2.5700040509800255
8b2b1fb7-a0bc-4a27-aa44-83b00769e1db,Midwest,A-B,927.83,3,6,2468.03,2025-07-12,2025-07-15,True,3,3,2.660002371124021
327749db-ca36-4262-b7ef-f478e97bec1e,South,A-B,667.8,2,5,1836.45,2025-07-16,2025-07-19,True,3,3,2.7500000000000004
cc7a1c7d-7df6-4336-941c-0ac6905d940c,South,E-F,1207.58,6,5,2632.52,2025-07-06,2025-07-05,False,-1,-1,2.179996356349062
f8c54d36-cc0b-4f1b-9447-08fe6a2b8ae6,South,C-D,183.75,2,1,343.61,2025-07-26,2025-07-25,False,-1,-1,1.8699863945578232
4b77607e-162c-467a-9ca6-740a54898d37,South,D-E,1211.77,5,8,2811.31,2025-07-23,2025-07-26,True,3,3,2.320002970860807
b4360668-2797-4840-908d-9ff8246d1bae,West,D-E,791.83,7,9,1987.49,2025-07-09,2025-07-11,False,2,2,2.509995832438781
556f92e7-4da3-48f7-9182-da417ec92dbb,West,E-F,1615.26,2,5,5314.21,2025-07-30,2025-08-02,True,3,3,3.290002847838738
b0361b3b-bcf4-477e-82e4-834429841ffa,South,D-E,775.93,4,5,2708.0,2025-07-17,2025-07-18,False,1,1,3.4900055417370126
8257ab5e-062d-404f-9942-eec61e532132,Midwest,D-E,164.6,6,5,365.41,2025-07-11,2025-07-10,False,-1,-1,2.2199878493317136
7d70a119-4632-4f98-839a-9fd3f4b12973,Midwest,E-F,1976.42,4,3,3952.84,2025-07-08,2025-07-07,False,-1,-1,2.0
b54a8558-d60b-4600-84e4-27e32bfad5b9,Northeast,E-F,1186.77,2,3,2041.24,2025-07-15,2025-07-16,False,1,1,1.7199962924576793
a23abb3b-4865-4e8f-a877-8a1ff4621c99,South,D-E,377.04,6,9,893.58,2025-07-22,2025-07-25,True,3,3,2.3699872692552515
7af4e9fa-cead-4635-8818-9d5cdb2f0f4f,South,D-E,306.79,2,2,733.23,2025-07-30,2025-07-30,False,0,0,2.390006193161446
62dc22cd-4be9-4071-b6de-bc08848e0e4a,West,D-E,327.25,7,8,1037.38,2025-07-26,2025-07-27,False,1,1,3.169992360580596
5fbb70f4-aea5-4da6-a418-b8c2f7adc9b3,West,C-D,1058.77,6,9,1916.37,2025-07-10,2025-07-13,True,3,3,1.809996505378883
e24dd207-4e22-4395-aa79-05046d4ed024,South,E-F,1652.31,2,3,4824.75,2025-07-13,2025-07-14,False,1,1,2.9200029050238756
315b66e5-340b-4b8e-8ebc-19fdd2c1029c,West,D-E,1535.39,4,3,3224.32,2025-07-27,2025-07-26,False,-1,-1,2.100000651300321
8cc0ae72-ddcd-4bd0-844e-68ff4aaf6eaf,South,C-D,1841.01,3,3,5081.19,2025-07-30,2025-07-30,False,0,0,2.760001303632245
e73c7f73-fc48-4a34-a3da-75c7628b3028,West,C-D,1779.4,3,3,4679.82,2025-07-15,2025-07-15,False,0,0,2.6299988760256263
91149dcf-362e-4536-98e0-fac3e341623e,West,E-F,973.29,6,8,1771.39,2025-07-05,2025-07-07,False,2,2,1.820002260374606
50b8f349-cdd7-4630-9d47-745c4186d9c8,Midwest,B-C,1984.15,6,8,5198.47,2025-07-07,2025-07-09,False,2,2,2.619998488017539
7e527465-b102-426f-b1eb-6921e8bac0c4,Midwest,A-B,1031.69,2,2,3322.04,2025-07-29,2025-07-29,False,0,0,3.219998255289864
657b3bee-f247-41b0-8e4c-0c689773c864,Midwest,C-D,798.92,4,3,2221.0,2025-08-01,2025-07-31,False,-1,-1,2.780003004055475
3a2037d0-a7f7-48a6-87cc-ced48e0ac9cc,West,E-F,1096.37,3,4,2510.69,2025-07-10,2025-07-11,False,1,1,2.2900024626722733
d7db1027-5429-4e2e-b157-928650e493a2,South,B-C,1947.49,7,8,4966.1,2025-07-17,2025-07-18,False,1,1,2.550000256740728
06a53d3d-579c-4137-ba4f-a70da0ab24b2,West,D-E,508.01,7,8,1376.71,2025-07-29,2025-07-30,False,1,1,2.7100057085490445
f9889d2c-980d-4abc-93f9-4fd740d3defb,West,A-B,439.16,6,5,1414.1,2025-07-20,2025-07-19,False,-1,-1,3.2200109299571906
785bd840-8018-4d3a-8867-77e67bf840f8,South,A-B,1059.8,5,5,1875.85,2025-08-02,2025-08-02,False,0,0,1.7700037742970371
e66f7736-461b-4699-8adb-c156fc2867c7,Midwest,B-C,517.41,6,9,1034.82,2025-07-24,2025-07-27,True,3,3,2.0
541f2001-150d-4152-a801-c54c64ce6b21,Midwest,C-D,1036.05,4,7,2714.45,2025-07-17,2025-07-20,True,3,3,2.619999034795618
e2ac4f90-46a2-4a07-bfd1-ae9544e55f6f,West,D-E,205.93,7,8,378.91,2025-07-17,2025-07-18,False,1,1,1.8399941727771574
53ca1907-cf81-4b8e-b2ae-de3851621453,South,D-E,1620.98,6,7,5073.67,2025-07-29,2025-07-30,False,1,1,3.13000160396797
441d3871-eb20-4b97-81f4-5e7ca1c254ac,West,A-B,1181.17,4,7,3956.92,2025-07-09,2025-07-12,True,3,3,3.350000423309092
9f934f24-b5c6-45bd-9ccd-93078b950298,Northeast,C-D,1461.52,6,7,3712.26,2025-07-14,2025-07-15,False,1,1,2.5399994526246648
47b73e86-1171-4c4b-a93e-59403a6284b5,South,A-B,352.01,6,6,1087.71,2025-07-17,2025-07-17,False,0,0,3.089997443254453
7a5e8110-8d40-4f2f-9e8c-8307875cb717,Midwest,D-E,1021.85,2,2,1563.43,2025-07-20,2025-07-20,False,0,0,1.529999510691393
5bfceceb-768e-429e-89d3-88be673d7ca9,Midwest,A-B,1685.72,7,10,3641.16,2025-07-11,2025-07-14,True,3,3,2.1600028474479744
cb1f31ef-01eb-4fe8-9263-6e6de74bcbc6,Northeast,B-C,485.62,7,7,1432.58,2025-07-23,2025-07-23,False,0,0,2.950002059223261
73b0a180-98b6-4dc0-bed6-bf35934625ba,South,D-E,761.08,7,6,1309.06,2025-07-06,2025-07-05,False,-1,-1,1.72000315341357
86e454de-c9cb-4121-b4bd-65ae27e9d758,South,D-E,1453.8,6,7,4085.18,2025-07-28,2025-07-29,False,1,1,2.8100013757050486
70d2dd60-e6c3-434d-9fa9-95d445b8f1b7,Northeast,D-E,1264.04,2,4,3337.07,2025-07-28,2025-07-30,False,2,2,2.6400034809025033
6ae425ea-5349-4b96-91e3-56385982ddce,Midwest,C-D,229.03,4,6,673.35,2025-07-30,2025-08-01,False,2,2,2.940007859232415
80f5d213-5a81-491e-931e-6f5eea87904c,South,C-D,1446.85,2,2,4340.55,2025-07-28,2025-07-28,False,0,0,3.0000000000000004
3cbe0b7c-2509-4de1-9442-6886dc0c126d,Midwest,B-C,444.08,2,1,1159.05,2025-07-07,2025-07-06,False,-1,-1,2.6100027022158168
104c3c5a-b463-43af-8886-306c32797f7b,Northeast,E-F,684.86,6,7,1445.05,2025-07-29,2025-07-30,False,1,1,2.1099932832987762
63fd20cb-8af7-4a56-8331-c314c5668e00,West,A-B,707.95,5,8,1175.2,2025-07-31,2025-08-03,True,3,3,1.6600042375874002
b6f31e3d-bf7c-40b0-9e79-d13ebfa912ee,Midwest,D-E,1862.32,3,5,2793.48,2025-07-15,2025-07-17,False,2,2,1.5
8ad19fcf-6882-478d-b8db-846adc733e8c,West,E-F,993.01,2,1,3286.86,2025-07-25,2025-07-24,False,-1,-1,3.3099968781784677
d87932fc-4683-4cc9-94a5-96afae7576f9,Midwest,E-F,1960.58,2,5,3332.99,2025-07-20,2025-07-23,True,3,3,1.7000020402125902
27cfa2df-7e12-4b7b-ac98-a8f9c271e1c9,West,A-B,125.27,4,5,217.97,2025-08-01,2025-08-02,False,1,1,1.7400015965514488
f3859896-acb5-47fa-a87b-daa49e914d51,Northeast,A-B,1054.68,2,2,3490.99,2025-07-20,2025-07-20,False,0,0,3.309999241476087
c68e1e40-fe24-4586-b8d8-53d83f6ff423,West,D-E,1449.96,3,6,3059.42,2025-07-20,2025-07-23,True,3,3,2.110003034566471
b4460419-a6ad-4b9f-8adb-e778fad40899,Midwest,E-F,1167.36,7,9,2264.68,2025-07-07,2025-07-09,False,2,2,1.940001370614035
79eef0a7-2917-46ea-99f9-0108e21bcf48,South,A-B,174.23,7,10,292.71,2025-07-02,2025-07-05,True,3,3,1.6800206623428802
b6a53567-f07e-4615-a767-ad8c0df811f9,South,A-B,1195.89,2,3,2308.07,2025-07-25,2025-07-26,False,1,1,1.930001923253811
53a8c472-0343-4450-9c39-56de237e6cd1,Midwest,C-D,1172.58,4,3,3107.34,2025-07-09,2025-07-08,False,-1,-1,2.65000255846083
0cb5dd09-f438-4587-b505-50b93a97467f,Midwest,E-F,1169.66,3,4,2315.93,2025-07-27,2025-07-28,False,1,1,1.9800027358377645
f32f82fc-f5a7-4ad0-ac27-dbd46625be41,Midwest,C-D,1426.76,3,3,4679.77,2025-07-21,2025-07-21,False,0,0,3.279998037511565
f922eedb-9ca1-44d9-9a84-53611fb6f195,Midwest,A-B,1505.73,2,5,2845.83,2025-07-26,2025-07-29,True,3,3,1.8900001992389073
56106497-9558-4ef0-bc53-f0bec387cdc9,West,E-F,1913.51,5,4,5549.18,2025-07-14,2025-07-13,False,-1,-1,2.90000052259983
1409d927-51d8-467a-9742-940925e146b8,Northeast,A-B,1479.67,5,4,2234.3,2025-07-30,2025-07-29,False,-1,-1,1.5099988510951767
7f36897c-d5dd-4b3c-a418-1142893a8cc3,South,B-C,1357.37,2,3,2646.87,2025-07-30,2025-07-31,False,1,1,1.9499988949217975
4a0b1de2-81c8-4658-ace6-584791d04180,West,D-E,1934.64,7,7,4294.9,2025-07-26,2025-07-26,False,0,0,2.2199995864863746
08eb3803-3913-416a-840b-dd24ef2f0cac,Midwest,E-F,1098.51,2,2,2801.2,2025-07-14,2025-07-14,False,0,0,2.5499995448380077
27df7038-56b0-4b3e-b61d-8ab86270eaf7,West,C-D,417.41,2,3,1456.76,2025-07-17,2025-07-18,False,1,1,3.4899978438465773
f654c08d-d5b5-4407-bd48-41b3e8f3be46,West,A-B,393.33,3,4,853.53,2025-07-20,2025-07-21,False,1,1,2.1700099153382655
d1dc2b30-2085-4964-8d85-4081628e21b4,West,C-D,1511.5,5,7,4081.05,2025-07-13,2025-07-15,False,2,2,2.7
987e839d-5d4c-4b58-a94f-12ae106b6355,West,A-B,274.49,3,5,436.44,2025-07-17,2025-07-19,False,2,2,1.590003278807971
405c6368-326b-4a55-8947-6f88fd386034,South,B-C,1972.89,2,2,5307.07,2025-07-06,2025-07-06,False,0,0,2.689997921830411
6fbba514-fc82-4471-b5df-1b20cb021dc7,South,B-C,1250.51,4,3,3388.88,2025-07-19,2025-07-18,False,-1,-1,2.7099983206851608
78bb8f09-834b-49da-b0b8-1a2e1a0862ab,South,E-F,344.91,6,7,927.81,2025-07-07,2025-07-08,False,1,1,2.6900060885448376
ea2f0be4-ab59-4095-9dc0-a2f191462bbd,West,A-B,1661.97,6,6,4836.33,2025-07-05,2025-07-05,False,0,0,2.9099983754219387
3fb1c700-00b7-46ef-afc2-ab734ba23ba5,West,D-E,1121.15,7,6,1962.01,2025-08-04,2025-08-03,False,-1,-1,1.7499977701467242
f5736941-520a-4664-9f06-a8e20b87dec9,South,C-D,1311.97,4,6,2033.55,2025-07-04,2025-07-06,False,2,2,1.549997332256073
a53f95ec-281b-4150-b3b5-8895e133bafc,South,E-F,1059.51,2,5,2479.25,2025-07-15,2025-07-18,True,3,3,2.3399967909694106
44159b72-bc66-43d3-b8fc-25f15b40cb90,West,D-E,1089.67,5,5,3138.25,2025-07-24,2025-07-24,False,0,0,2.8800003670836123
bccf2fd3-03be-4905-b672-cc87180da0e3,Midwest,C-D,805.55,2,4,2150.82,2025-07-08,2025-07-10,False,2,2,2.670001862081808
d305d990-d465-4311-9c8c-8680e637e060,South,A-B,1780.06,3,4,3631.32,2025-07-20,2025-07-21,False,1,1,2.0399986517308406
a7eb9719-ec68-4427-afdf-2d1bd05bc7bb,Northeast,D-E,1685.03,5,6,5240.44,2025-07-27,2025-07-28,False,1,1,3.1099980415778945
d4ead20d-000f-4a95-a2f3-bb9c7efb43e8,Northeast,A-B,1944.54,6,9,6708.66,2025-07-02,2025-07-05,True,3,3,3.449998457218674
12b5dfdc-1cef-427c-b05a-d3cc7204173d,Midwest,E-F,1680.28,4,4,3007.7,2025-07-24,2025-07-24,False,0,0,1.7899992858333134
8bf63ab5-387e-4a20-b479-34afc1dc473b,West,C-D,444.08,6,9,1181.25,2025-07-12,2025-07-15,True,3,3,2.6599936948297604
433f7f59-42b5-440a-b37d-11b61b9253ba,Northeast,B-C,1218.87,3,5,2059.89,2025-07-15,2025-07-17,False,2,2,1.6899997538703881
d353a4ce-bb0f-474d-abc8-c99d40ef7a94,South,E-F,1480.22,2,1,2383.15,2025-07-24,2025-07-23,False,-1,-1,1.6099971625839402
4b77c662-677a-45e4-8666-169c1729fee9,West,A-B,1677.26,6,9,5685.91,2025-07-19,2025-07-22,True,3,3,3.389999165305319
f0a3f9c9-6415-4c7b-9d1a-0bb027526b22,West,D-E,1175.29,5,7,3807.94,2025-07-16,2025-07-18,False,2,2,3.240000340341533
c0ec1178-18cb-43c5-9ebe-447b18c9e241,West,A-B,1275.11,7,8,3952.84,2025-07-09,2025-07-10,False,1,1,3.099999215753935
5600a499-0e2e-47e0-9b0d-a859967bd588,West,C-D,451.2,7,6,1245.31,2025-07-24,2025-07-23,False,-1,-1,2.7599955673758867
f84e4955-0217-4190-ad82-6be1289e8296,Midwest,E-F,720.73,5,8,1527.95,2025-07-19,2025-07-22,True,3,3,2.1200033299571266
72b3db2e-2010-4dca-abef-20e1c2986cc9,Northeast,B-C,709.24,7,6,2453.97,2025-07-15,2025-07-14,False,-1,-1,3.459999436016017
608439d4-8dbe-45cd-a0a2-778653321133,Northeast,E-F,573.02,2,4,1415.36,2025-07-18,2025-07-20,False,2,2,2.4700010470838714
0de62e62-ece9-4d35-a163-2218069afdd7,West,E-F,1475.64,5,6,5017.18,2025-07-24,2025-07-25,False,1,1,3.4000027106882436
80f1c731-e889-49bc-81fc-c3d4bbd908ce,Northeast,E-F,1220.85,2,5,4028.8,2025-07-25,2025-07-28,True,3,3,3.299995904492772
a0ab4c01-c145-46e0-a119-0fa9180c4670,West,C-D,1482.3,3,5,4402.43,2025-07-11,2025-07-13,False,2,2,2.969999325372732
dc6f4a89-ffd5-4e7b-855f-c7aba59ea316,Northeast,D-E,822.71,6,7,1308.11,2025-08-01,2025-08-02,False,1,1,1.5900013370446449
6ab66169-34f6-4cb0-9432-5d56158e93ba,West,C-D,1321.98,2,4,3040.55,2025-07-18,2025-07-20,False,2,2,2.2999969742356163
e6a94616-ae89-41c8-9c30-59021770a5a2,South,C-D,873.91,3,3,1651.69,2025-07-23,2025-07-23,False,0,0,1.8900001144282594
21bacf0b-7463-4c10-a97e-c09c4d97af3c,Northeast,E-F,1724.08,7,8,4655.02,2025-07-04,2025-07-05,False,1,1,2.700002320077955
b805f93b-62d3-4043-ba8a-353052652c33,West,C-D,1541.04,7,8,4284.09,2025-07-07,2025-07-08,False,1,1,2.779999221305093
1523ec01-7c37-487b-9ead-874ab486cebb,Northeast,A-B,1768.94,6,5,4705.38,2025-07-19,2025-07-18,False,-1,-1,2.6599997738758803
0a21338c-c750-420b-867d-3e8dc1b1be6b,West,D-E,1150.4,4,4,3692.78,2025-07-24,2025-07-24,False,0,0,3.2099965229485394
79d0fa12-e35b-4151-927a-f159011bf2d1,Northeast,A-B,520.28,3,3,1295.5,2025-07-05,2025-07-05,False,0,0,2.4900053817175367
74b63d2c-4e2f-4ba3-88da-64d33b8bbc66,South,C-D,1160.39,3,5,3330.32,2025-07-04,2025-07-06,False,2,2,2.8700006032454604
5af55b84-ac2a-4b97-a6e0-d7021edee2c6,South,C-D,1050.29,2,5,1785.49,2025-07-04,2025-07-07,True,3,3,1.6999971436460406
feefb771-d85d-47bb-990d-12e8359ef5e8,Midwest,D-E,1131.74,4,5,3304.68,2025-08-01,2025-08-02,False,1,1,2.9199992931238623
cc6033f5-d830-4927-98a7-5915dd83fe25,Northeast,C-D,1925.0,4,3,3561.25,2025-08-04,2025-08-03,False,-1,-1,1.85
098ccc04-7989-4244-beca-d85acc6ea531,West,E-F,515.6,3,2,938.39,2025-07-09,2025-07-08,False,-1,-1,1.8199961210240496
4a40996f-ee0b-4be2-9917-644f41d804eb,South,E-F,662.69,7,7,1941.68,2025-07-31,2025-07-31,False,0,0,2.9299974346979734
30a6e41f-9d9d-4b3f-bb11-7b25f563fe1a,Midwest,C-D,987.72,6,6,1679.12,2025-07-10,2025-07-10,False,0,0,1.699995950269307
e21bfb18-eb88-4111-8b5c-a9899b8aaa12,South,A-B,1735.96,7,8,4548.22,2025-07-29,2025-07-30,False,1,1,2.6200027650406694
67320588-f52f-4c2c-8d3e-4e6fbf946ab3,Northeast,D-E,1740.47,4,5,4455.6,2025-07-14,2025-07-15,False,1,1,2.5599981614161695
e44029ea-2c6e-46d7-bab3-402dea133318,Northeast,B-C,1297.18,2,1,2153.32,2025-07-24,2025-07-23,False,-1,-1,1.660000925083643
52c0771c-e1e0-4e76-a9eb-3e5b892d800b,West,D-E,1696.68,6,8,5514.21,2025-07-20,2025-07-22,False,2,2,3.25
4c4878e8-e0a5-43c9-b395-268cb7de87b9,Northeast,A-B,442.0,5,6,1458.6,2025-07-23,2025-07-24,False,1,1,3.3
13635b72-32c4-40a2-bb85-48c2d7fe8bdc,Midwest,B-C,1322.78,2,4,2261.95,2025-07-17,2025-07-19,False,2,2,1.709997127262281
0166e1e9-8281-4ca6-ab1f-b8537895f8a0,South,B-C,766.57,4,3,1832.1,2025-08-03,2025-08-02,False,-1,-1,2.389996999621691
7ddf1f6d-fa00-4b3f-914f-7cb08f9c34d3,West,A-B,258.7,7,9,491.53,2025-07-23,2025-07-25,False,2,2,1.9
1faa78c5-533e-42a1-8d2d-15d627bbd9fd,Midwest,C-D,895.36,4,7,1683.28,2025-07-21,2025-07-24,True,3,3,1.8800035739814152
37910d76-382c-4dfb-934a-39c18481bb38,South,D-E,825.64,2,2,1758.61,2025-07-14,2025-07-14,False,0,0,2.129996124218788
e11e461a-0795-4b69-926b-388731eddd1b,South,D-E,1402.94,7,6,2216.65,2025-07-09,2025-07-08,False,-1,-1,1.5800034213865168
d8905ca0-0be9-4765-a34d-afa914bd4cfb,West,A-B,413.81,5,8,993.14,2025-07-13,2025-07-16,True,3,3,2.3999903337280393
cab69a31-4b7e-4029-8bda-50ba9de6b7dc,Northeast,C-D,1186.79,2,2,2254.9,2025-07-27,2025-07-27,False,0,0,1.8999991573909454
e6f50a84-2732-4c97-9426-9a73992443bc,West,B-C,1173.49,2,2,2100.55,2025-07-15,2025-07-15,False,0,0,1.7900024712609397
edf263f7-07ab-4662-88af-eb496be5dda1,West,E-F,1619.17,6,6,2833.55,2025-07-07,2025-07-07,False,0,0,1.7500015440009389
f3ab6c97-d311-4835-a08f-6cd1fb0ffcd5,Northeast,E-F,438.64,3,2,1368.56,2025-07-30,2025-07-29,False,-1,-1,3.1200072952763085
8007ce68-bfa6-42c4-842f-d604af432f2c,Midwest,C-D,897.52,7,10,2557.93,2025-07-22,2025-07-25,True,3,3,2.8499977716374008
f574022e-6fff-4a03-9b90-99581367c4df,South,C-D,461.41,5,5,1328.86,2025-07-25,2025-07-25,False,0,0,2.8799982661840877
9459898b-36f4-4335-a199-68c8b9d74194,Midwest,C-D,1103.33,2,3,2493.53,2025-07-22,2025-07-23,False,1,1,2.2600038066580264
23d65e2d-0468-4ce1-9143-54fb8a2ecb61,South,A-B,552.6,3,5,1646.75,2025-07-19,2025-07-21,False,2,2,2.9800036192544335
892bbf2d-1bb1-4e2c-9e91-08e01ddeeb64,Northeast,B-C,453.05,7,8,1436.17,2025-07-10,2025-07-11,False,1,1,3.1700033108928376
ebddeaf6-f0d6-4b17-b887-deeed2350ed6,Midwest,A-B,1556.22,2,5,3408.12,2025-07-16,2025-07-19,True,3,3,2.189998843351197
20714ae3-44cd-4b70-a9d0-acf5377276f1,West,A-B,1796.61,3,4,2820.68,2025-08-01,2025-08-02,False,1,1,1.5700012801888
e5125523-da46-435b-9080-4ae668c2d202,West,A-B,1982.22,7,8,4261.77,2025-08-01,2025-08-02,False,1,1,2.1499984865453885
1a9eabe3-a9b5-4ff5-9b85-cb77001c372f,South,D-E,1729.06,7,6,2973.98,2025-08-03,2025-08-02,False,-1,-1,1.7199981492834258
a1433a90-cb57-437a-b0f2-3d0bf588dcdf,Northeast,B-C,999.17,4,5,3137.39,2025-07-31,2025-08-01,False,1,1,3.13999619684338
156d31ce-9222-4fe6-988b-d2732642d8d6,Northeast,C-D,230.67,6,8,662.02,2025-07-26,2025-07-28,False,2,2,2.869987427927342
efca6d2b-6ca1-4837-b5d3-fdfab093ae88,West,A-B,1547.9,6,6,4535.35,2025-07-21,2025-07-21,False,0,0,2.930001938109697
55d1d134-7ae1-4c89-abfa-41dc3d0c70d8,West,C-D,1482.33,3,3,3765.12,2025-07-09,2025-07-09,False,0,0,2.540001214304507
f632de71-5d9a-4190-8f65-e1f5e93643ff,Midwest,A-B,400.73,6,6,1001.83,2025-07-10,2025-07-10,False,0,0,2.500012477229057
59817e41-aa28-46ce-b041-dc1d4a6aaea6,Northeast,A-B,630.12,4,7,1159.42,2025-07-24,2025-07-27,True,3,3,1.8399987304005587
ef75aaa9-3c7f-48ba-89f2-ebd58e755a14,South,D-E,969.09,4,4,3227.07,2025-07-19,2025-07-19,False,0,0,3.3300003095687707
415391bb-1e32-4ece-972f-b86fb69e5d24,Northeast,A-B,1959.24,5,7,6485.08,2025-07-31,2025-08-02,False,2,2,3.3099977542312327
08d9f83e-30f6-4a32-ba10-8a4439c1e74e,South,C-D,1005.39,3,5,2010.78,2025-07-21,2025-07-23,False,2,2,2.0
892c89b4-a1bd-4d61-b17e-acb6312ba8d7,Northeast,C-D,1827.02,3,3,4549.28,2025-08-02,2025-08-02,False,0,0,2.4900001094678768
b0f381fb-2556-453e-8ff2-12291310daa9,Midwest,E-F,977.47,5,7,3137.68,2025-07-19,2025-07-21,False,2,2,3.210001329964091
7920223c-f15b-4443-82d6-4b386bb05ae1,South,A-B,1495.8,4,4,3425.38,2025-08-01,2025-08-01,False,0,0,2.2899986629228506
8284f160-cb43-4784-bb98-1838770f7656,Northeast,B-C,1851.87,3,6,6425.99,2025-07-24,2025-07-27,True,3,3,3.470000593994179
4dcfb1cf-21dc-4cce-a228-d9ab914b3782,South,E-F,1054.87,4,4,2257.42,2025-07-12,2025-07-12,False,0,0,2.139998293628599
38a5f75f-81eb-48d1-b064-26cf445ce259,West,A-B,1478.52,6,8,3518.88,2025-07-03,2025-07-05,False,2,2,2.3800016232448664
354bdab8-bd14-4ce5-ac34-0a3185d620c1,South,C-D,1444.17,7,8,2946.11,2025-07-22,2025-07-23,False,1,1,2.0400022158056186
3ea6c1dc-e96f-4276-83b3-6975ff4366f7,Midwest,B-C,1931.4,2,5,4886.44,2025-07-28,2025-07-31,True,3,3,2.529998964481723
6d300b5f-dc29-4ea9-a57d-849c564ae0fa,West,C-D,1185.04,6,6,2844.1,2025-07-23,2025-07-23,False,0,0,2.400003375413488
bec866bb-66ec-4e45-804a-d0c1c8ece0a4,Northeast,D-E,1541.73,4,3,5303.55,2025-07-12,2025-07-11,False,-1,-1,3.439999221653597
a2b9a8a2-67ac-46fd-9ea2-6f24172386ff,West,C-D,1794.45,2,2,4862.96,2025-07-08,2025-07-08,False,0,0,2.710000278636908
27e1ca10-17e0-4c8b-bf18-3fc5d8f8d228,Midwest,A-B,1212.92,3,6,4136.06,2025-07-30,2025-08-02,True,3,3,3.4100023084787128
1dcfa306-46f4-4cf2-99d2-687586e3b6b6,South,D-E,566.22,2,3,871.98,2025-07-24,2025-07-25,False,1,1,1.5400021193175797
563f5872-baf1-4fb3-b008-cd69d4382811,West,C-D,916.81,2,2,2090.33,2025-07-11,2025-07-11,False,0,0,2.2800034903633253
cfc76cfc-4d26-4832-84fe-b180c6ee2235,Northeast,B-C,1721.07,5,5,4164.99,2025-07-22,2025-07-22,False,0,0,2.420000348620335
15ee17b7-42d9-4893-8acf-2728780126a0,South,D-E,1170.13,4,6,2234.95,2025-07-27,2025-07-29,False,2,2,1.910001452830027
596212b4-0cdb-447b-a08b-b0bf6066fd01,Midwest,E-F,1231.2,2,3,3693.6,2025-07-21,2025-07-22,False,1,1,3.0
dba97b1c-130b-4376-8bd3-ddce3e8c92db,Midwest,B-C,1320.58,4,5,3459.92,2025-07-20,2025-07-21,False,1,1,2.620000302897212
527bb77f-5ad9-476d-a0e7-b2b9b375eb22,West,C-D,1866.99,2,5,3136.54,2025-07-21,2025-07-24,True,3,3,1.679998286011173
1581d02b-aed9-45f5-9379-337ff3ebcf35,South,B-C,1295.68,6,9,2824.58,2025-07-09,2025-07-12,True,3,3,2.1799981476907875
0c29b483-9ce5-4bbf-b1da-3de7d026811a,South,E-F,348.92,5,6,928.13,2025-07-13,2025-07-14,False,1,1,2.660008024762123
112706c9-b51a-4958-8add-7d321c00a308,Northeast,D-E,659.3,6,8,1760.33,2025-07-05,2025-07-07,False,2,2,2.6699984832398
0c4d7cb5-078a-4b8d-bb4a-e23563e328ca,Midwest,A-B,233.78,7,9,729.39,2025-07-08,2025-07-10,False,2,2,3.1199846009068355
403036bd-5820-435b-9af6-22654079a3ce,Northeast,B-C,146.35,2,1,425.88,2025-07-14,2025-07-13,False,-1,-1,2.9100102494021183
6cf9c60c-7f37-4bad-938b-3911bde6bb68,West,B-C,1785.41,6,9,5499.06,2025-07-05,2025-07-08,True,3,3,3.0799984317327675
581902ea-e13b-40a1-b571-418e660dc092,Northeast,E-F,360.62,2,3,897.94,2025-07-12,2025-07-13,False,1,1,2.4899894625922023
9ff718d2-a40d-4026-a609-88a3f8fe39ad,South,E-F,1614.75,4,6,5199.49,2025-07-10,2025-07-12,False,2,2,3.2199969035454403
2b2881da-38f3-45b4-b838-873e95aa29ae,West,C-D,401.22,2,3,762.32,2025-07-07,2025-07-08,False,1,1,1.9000049847963711
1fa1dd33-3ad0-4dad-8679-31b68f0b32e7,Northeast,A-B,1482.94,2,1,4048.43,2025-07-22,2025-07-21,False,-1,-1,2.730002562477241
c2fc4b8a-111d-4d3c-9499-2cc3ac6a7ddf,Northeast,C-D,515.15,3,3,1102.42,2025-07-08,2025-07-08,False,0,0,2.1399980588178202
f52f3a5b-ba51-4768-aac1-0fd5e1814f9c,Midwest,C-D,226.07,4,3,456.66,2025-07-27,2025-07-26,False,-1,-1,2.01999380722785
e62cb42d-5972-400e-99ed-321617b01728,Northeast,C-D,1290.98,3,3,2117.21,2025-07-20,2025-07-20,False,0,0,1.640002168894948
1d35979a-0dc2-4c09-b9e4-9079aa5a9a87,Midwest,A-B,626.34,5,8,1634.75,2025-07-02,2025-07-05,True,3,3,2.6100041511000414
6964666b-c036-41ef-9e11-03e0eddcc501,South,C-D,344.64,6,9,1002.9,2025-07-04,2025-07-07,True,3,3,2.909993036211699
42adbc5f-9088-4aac-828b-5897f0379028,Midwest,D-E,669.99,4,6,1648.18,2025-07-03,2025-07-05,False,2,2,2.4600068657741163
e22af7e0-a869-48ea-8815-6b66607fac08,Midwest,B-C,1641.37,4,4,5597.07,2025-07-13,2025-07-13,False,0,0,3.4099989642798394
031a29c8-d9f9-44f7-a306-cd03f02bbf14,South,B-C,1590.01,3,5,3466.22,2025-07-10,2025-07-12,False,2,2,2.179998867931648
fe8ab47e-29c7-4fdd-9f7b-51380630cbf3,South,D-E,1817.99,7,10,3436.0,2025-07-26,2025-07-29,True,3,3,1.8899993949361658
a02ba4af-2361-4e6c-bddf-579e83516236,Midwest,B-C,1202.05,5,8,4171.11,2025-07-04,2025-07-07,True,3,3,3.4699970883074744
36632472-2150-4a39-ab11-e1f89edd6730,South,D-E,276.73,4,3,650.32,2025-07-26,2025-07-25,False,-1,-1,2.350016261337766
99401597-fb52-4ff2-bd46-ca8032129d99,Midwest,B-C,1170.04,5,6,2340.08,2025-07-29,2025-07-30,False,1,1,2.0
88673c5c-62c4-4aee-9f98-845289a323bc,Northeast,E-F,902.93,7,7,2085.77,2025-07-23,2025-07-23,False,0,0,2.310001882759461
7fcc2b89-7f52-424c-bdb3-9894a98a1628,West,A-B,1500.27,2,1,4665.84,2025-07-19,2025-07-18,False,-1,-1,3.1100001999640066
d079e427-ba18-4f81-bfb2-0d38b73b5da8,West,C-D,898.3,5,5,2623.04,2025-07-20,2025-07-20,False,0,0,2.9200044528553937
6a657747-ad1b-4d31-bf05-b1685e0bae43,Midwest,B-C,337.33,6,7,651.05,2025-07-26,2025-07-27,False,1,1,1.9300091898141285
00d9e535-30e1-4bba-add0-d937547900fe,Northeast,B-C,987.45,4,5,2932.73,2025-08-01,2025-08-02,False,1,1,2.970003544483265
3d9b40a4-b80b-488f-bf6a-a1f91c8b2d17,Northeast,E-F,381.65,7,6,977.02,2025-07-09,2025-07-08,False,-1,-1,2.559989519192978
bc4886de-6df7-4d0b-994b-c700200505ff,South,A-B,1095.74,7,10,2618.82,2025-07-16,2025-07-19,True,3,3,2.390001277675361
6f5dd38c-10db-4a96-a436-0a41816f640c,Northeast,C-D,1538.95,3,2,4924.64,2025-07-29,2025-07-28,False,-1,-1,3.2
da3bca79-4026-4549-9d57-37101596f80b,Northeast,C-D,1485.77,3,4,4338.45,2025-07-22,2025-07-23,False,1,1,2.9200010768826936
93daae31-af38-4b6a-b174-85458edc1591,South,A-B,1980.87,6,5,3783.46,2025-07-27,2025-07-26,False,-1,-1,1.9099991417912332
1a2afb58-ef9f-4310-9091-b56e9b3d1a54,West,A-B,209.68,4,7,608.07,2025-07-18,2025-07-21,True,3,3,2.8999904616558565
29b0cfff-c919-466a-9717-637ca3945ef8,South,A-B,1357.25,6,8,4424.63,2025-07-18,2025-07-20,False,2,2,3.2599963160803096
218836f2-7f32-4d61-9e83-9f2e59178598,West,E-F,612.27,3,6,1089.84,2025-07-27,2025-07-30,True,3,3,1.7799990200401783
7cb25ae4-cc94-4e00-8bd9-228723aa2090,Northeast,A-B,1619.02,6,9,3318.99,2025-07-03,2025-07-06,True,3,3,2.0499993823424045
205aa46d-9ce9-4856-8509-904b10932538,Midwest,D-E,849.14,4,4,1961.51,2025-07-12,2025-07-12,False,0,0,2.3099959959488423
7552873b-7a7a-4f3e-a9a7-b84e24d1d259,Northeast,E-F,1393.16,4,7,2521.62,2025-07-30,2025-08-02,True,3,3,1.8100002871170575
0c098317-cb48-4bf0-abba-a2c9f082943e,South,A-B,1255.24,4,5,2636.0,2025-07-14,2025-07-15,False,1,1,2.0999968133584015
69fb16af-8eac-490e-acdd-9205ef6a088c,Midwest,E-F,1278.39,5,6,4410.45,2025-07-17,2025-07-18,False,1,1,3.4500035200525656
ae5498e8-dbbe-4a8e-815f-744f4fcf825b,West,D-E,1790.58,7,8,4386.92,2025-07-05,2025-07-06,False,1,1,2.449999441521742
d63b47c1-cbfc-4e7b-964a-97132508b8f5,Midwest,D-E,169.7,7,9,280.0,2025-07-23,2025-07-25,False,2,2,1.6499705362404244
02574d52-6578-4c11-bf7b-425ebbe3f335,Northeast,A-B,209.56,3,2,440.08,2025-08-02,2025-08-01,False,-1,-1,2.1000190876121394
b87b2def-4c3e-43de-94f7-5b14a3009ef5,South,E-F,625.54,2,3,1463.76,2025-07-11,2025-07-12,False,1,1,2.339994244972344
985b4bb8-c58f-4beb-a95b-3dd953af6623,South,D-E,629.52,6,7,1328.29,2025-07-07,2025-07-08,False,1,1,2.11000444783327
02a1164a-b7af-4bbf-941b-5ab9f66677ca,Northeast,C-D,1917.19,4,7,4121.96,2025-07-09,2025-07-12,True,3,3,2.1500007823950678
49558827-8cbb-46ea-a6bc-95e0c073510d,Northeast,A-B,1997.68,6,5,5413.71,2025-07-25,2025-07-24,False,-1,-1,2.709998598374114
9a7457d0-c64e-4310-9dc2-3e2ffd7e3490,West,C-D,1697.3,4,7,4379.03,2025-07-06,2025-07-09,True,3,3,2.5799976433158545
d3446ab7-fed2-470d-b5c2-787faa15e2ac,Northeast,A-B,831.42,6,8,2752.0,2025-07-04,2025-07-06,False,2,2,3.309999759447692
2a6e7b9b-dfba-4b2e-9c31-0fae4a7ad931,West,E-F,836.67,7,8,2476.54,2025-07-18,2025-07-19,False,1,1,2.9599961753140427
70b81f77-c482-435f-9901-e561eaa8cd4c,Northeast,B-C,1043.96,5,5,1847.81,2025-07-12,2025-07-12,False,0,0,1.7700007663128854
2c64e326-c694-4941-a98d-4ea4d31e0705,West,A-B,951.22,7,6,2625.37,2025-07-11,2025-07-10,False,-1,-1,2.760002943588234
a8ddb8c2-d168-4924-8ebf-bfe12edecfc7,Midwest,B-C,1482.8,7,6,4537.37,2025-08-03,2025-08-02,False,-1,-1,3.0600013487995685
06603ca0-aa7f-48a8-828e-9127169a62a2,Northeast,D-E,284.06,6,9,982.85,2025-07-03,2025-07-06,True,3,3,3.4600084489192424
2c1ea70d-db65-415d-a903-84b8ba339486,Northeast,B-C,619.74,5,4,1270.47,2025-07-28,2025-07-27,False,-1,-1,2.050004840739665
4ab34e04-db98-46ca-96bf-a478bd380abd,West,B-C,1207.34,4,7,3948.0,2025-07-03,2025-07-06,True,3,3,3.269998509119221
a9172a61-56dd-4654-bf60-3c3ce2544e7d,Northeast,C-D,1670.72,6,5,3942.9,2025-07-14,2025-07-13,False,-1,-1,2.360000478835472
2d10a76c-67fa-4c4c-b4fe-384e4dd677bc,South,A-B,1285.43,3,6,2570.86,2025-07-04,2025-07-07,True,3,3,2.0
934c98a8-39df-49cd-8efc-88bd9af2736b,Northeast,D-E,660.6,5,7,1810.04,2025-07-08,2025-07-10,False,2,2,2.739993944898577
c1120c1f-32d6-4cc0-ac71-eeb31344dfa2,Midwest,D-E,1874.14,7,7,6372.08,2025-08-01,2025-08-01,False,0,0,3.400002134312271
bd6cf9c9-0b07-483a-a8d1-eb901bcbeba0,Northeast,C-D,214.69,2,5,403.62,2025-07-17,2025-07-20,True,3,3,1.8800130420606456
b603dc54-50c8-4a1b-84b4-eaa3a96fdd64,Midwest,A-B,1695.8,3,2,5630.06,2025-07-10,2025-07-09,False,-1,-1,3.320002358768723
abb47ef2-7233-4ef9-bef4-5b2f96abd1e2,South,A-B,1945.37,5,8,3871.29,2025-07-05,2025-07-08,True,3,3,1.9900019019518138
aa5b7f16-b91f-46b4-820e-f55820651767,Northeast,D-E,1524.04,3,6,2438.46,2025-07-07,2025-07-10,True,3,3,1.5999973753969712
c70fbf27-50d4-414f-99ec-e78e9fea7ef8,West,E-F,954.72,2,4,2663.67,2025-07-07,2025-07-09,False,2,2,2.7900012569130217
d1119c0a-7312-44ac-8163-12d4618e608e,West,A-B,1894.5,6,6,3258.54,2025-07-27,2025-07-27,False,0,0,1.72
25262fb7-4ab7-48f9-9efa-51df6a88217e,South,A-B,1596.0,5,7,4899.72,2025-07-29,2025-07-31,False,2,2,3.0700000000000003
008e88e1-20b6-440a-a0f6-57e1b9dc0d6c,South,A-B,1702.34,4,7,5481.53,2025-07-17,2025-07-20,True,3,3,3.219997180351751
c604537e-81a2-4588-818d-615cc53872b7,South,A-B,1639.18,7,6,2917.74,2025-07-29,2025-07-28,False,-1,-1,1.7799997559755485
c4412012-bb73-48ec-bb7f-d25c7fa3bde6,South,E-F,443.59,6,5,825.08,2025-07-26,2025-07-25,False,-1,-1,1.8600058612682884
a813014a-f636-42fe-92ef-4536839b8280,West,B-C,1257.87,7,9,1974.86,2025-07-08,2025-07-10,False,2,2,1.5700032594783244
e9e483cf-a091-4dae-a6c2-a9c1d41291af,Northeast,D-E,1498.3,5,4,4165.27,2025-07-12,2025-07-11,False,-1,-1,2.7799973303076824
a4d028ac-f1cb-4d69-b4cc-f62ff0f5d511,Northeast,C-D,665.49,6,8,1157.95,2025-07-28,2025-07-30,False,2,2,1.7399960931043292
fa75dbe0-ccb0-4098-a502-65d734104a6c,Midwest,E-F,540.83,3,5,1400.75,2025-08-01,2025-08-03,False,2,2,2.5900005547029563
f2d0e2d7-1bc5-4f79-b6d8-c62919ff72e9,West,D-E,969.19,4,5,2704.04,2025-07-23,2025-07-24,False,1,1,2.7899998968210564
7bbffdd1-b565-4a0f-8e04-f71cec55e394,West,A-B,287.57,6,6,825.33,2025-07-28,2025-07-28,False,0,0,2.870014257398199
b8f44cce-0fb0-4c93-b9be-996b42a397fc,West,A-B,329.73,3,2,1147.46,2025-07-14,2025-07-13,False,-1,-1,3.4799987868862403
4f8b8970-d4de-4ee0-a24e-0d457a896c46,Northeast,C-D,1983.85,6,8,3610.61,2025-07-19,2025-07-21,False,2,2,1.8200015122111048
d4adfe86-4a95-4c1c-8a88-267f1b8fb4d0,West,D-E,429.98,7,6,1474.83,2025-07-28,2025-07-27,False,-1,-1,3.429996744034606
85e8db60-f94c-4b91-b8ca-ff5fd75d5c35,Northeast,B-C,722.58,5,4,1596.9,2025-07-19,2025-07-18,False,-1,-1,2.2099975089263473
700996db-17fc-4129-b88f-b327836a4d13,Midwest,A-B,1658.94,2,5,3102.22,2025-07-04,2025-07-07,True,3,3,1.870001326148022
9bcd9b4c-e78b-41a7-9811-65cd86959a07,Midwest,C-D,226.14,2,1,551.78,2025-07-14,2025-07-13,False,-1,-1,2.4399929247368886
5be715e7-6afe-4435-81c7-8d801a9a7d9b,South,B-C,1379.84,6,9,3159.83,2025-07-14,2025-07-17,True,3,3,2.2899973910018554
d8504577-0e7c-46cb-989a-16a2d5e3d483,West,B-C,721.74,4,6,1205.31,2025-07-07,2025-07-09,False,2,2,1.670005819270097
d945b46b-9696-4009-ae85-36df3a347df3,West,B-C,1607.47,7,9,3359.61,2025-07-13,2025-07-15,False,2,2,2.0899985691801404
e09f1084-334a-423d-ae52-2502657350df,Northeast,A-B,701.36,6,6,1206.34,2025-07-09,2025-07-09,False,0,0,1.72000114064104
0cabdf3d-4756-4f14-bc10-5676103a05fb,West,C-D,304.78,2,3,1054.54,2025-07-31,2025-08-01,False,1,1,3.460003937266225
8683085b-9a75-493c-9f1e-d28eeb5b9a00,Northeast,A-B,657.68,4,3,1802.04,2025-07-27,2025-07-26,False,-1,-1,2.7399951344118723
863b77aa-2d0a-4c99-a5e5-4d37b611880f,West,E-F,1593.15,4,6,2979.19,2025-07-17,2025-07-19,False,2,2,1.8699996861563568
4dc061a8-a26d-4390-86d6-69e570608468,Northeast,A-B,1718.0,5,7,3693.7,2025-07-20,2025-07-22,False,2,2,2.15
59a4fb39-b732-4367-a530-f0a837e8954b,West,A-B,1190.38,4,5,3380.68,2025-07-14,2025-07-15,False,1,1,2.8400006720543014
d820aaf2-5ccb-4c40-b646-f874aaa46c79,West,B-C,713.58,2,1,2319.14,2025-07-27,2025-07-26,False,-1,-1,3.2500070069228393
1c81e435-c1a9-4b29-b4f1-c393f4c452db,Northeast,E-F,1071.51,6,7,3493.12,2025-07-07,2025-07-08,False,1,1,3.259997573517746
533837a9-9e41-4aff-b8e9-df69d9939225,Midwest,B-C,645.47,5,7,2123.6,2025-07-19,2025-07-21,False,2,2,3.290005732257115
8396766f-59f8-4d3b-ba92-b71ba08347d1,Midwest,B-C,1030.02,7,8,2904.66,2025-07-28,2025-07-29,False,1,1,2.8200034950777653
0ece7241-5ae3-4dac-bfba-e4fd4adaeb78,Midwest,D-E,744.13,6,9,1198.05,2025-07-11,2025-07-14,True,3,3,1.6100009406958462
45dea554-0ac7-464b-848a-b3f284027bd4,West,E-F,949.88,3,5,2355.7,2025-07-25,2025-07-27,False,2,2,2.4799974733650565
d67ab8d0-6b74-4508-982a-f0e67c306ee8,Midwest,D-E,110.76,3,3,199.37,2025-07-08,2025-07-08,False,0,0,1.8000180570603106
abcfb3d2-7b31-4a7c-a83e-82c5bc8f8460,Northeast,E-F,1053.97,3,4,3246.23,2025-07-20,2025-07-21,False,1,1,3.0800022771046613
e6267729-e632-4135-9723-e97f056a512c,Northeast,E-F,1089.04,7,10,1764.24,2025-07-27,2025-07-30,True,3,3,1.619995592448395
b7cb291e-5a66-4ea8-b41a-bbafc5ab809b,West,A-B,1206.06,4,3,2424.18,2025-07-17,2025-07-16,False,-1,-1,2.0099995025123127
5db5a1db-fe98-434e-8c8c-f1c79f21fba9,West,C-D,144.66,2,4,500.52,2025-07-25,2025-07-27,False,2,2,3.4599751140605557
087f021e-d403-466c-85fa-d1f2e03c5007,Midwest,D-E,1803.84,6,9,4852.33,2025-07-20,2025-07-23,True,3,3,2.6900002217491576
679c9714-9b75-43f6-a1d2-cd8b3e8f2410,West,E-F,1713.04,7,8,4333.99,2025-07-17,2025-07-18,False,1,1,2.5299992994909632
bc85700c-224e-4906-88ac-eb1a946cb621,Northeast,E-F,1105.27,6,6,2906.86,2025-07-17,2025-07-17,False,0,0,2.62999990952437
44e5637e-f91d-4961-bde0-224acd7ed246,South,C-D,172.26,4,5,373.8,2025-07-05,2025-07-06,False,1,1,2.1699756182514807
2d6d46ea-0b8f-45a0-b000-da03f7dae950,Northeast,E-F,1650.97,7,7,4276.01,2025-07-21,2025-07-21,False,0,0,2.589998606879592
c700d145-75a8-4455-9ac9-4799d9d5a429,Midwest,B-C,144.03,5,4,453.69,2025-07-16,2025-07-15,False,-1,-1,3.1499687565090606
bbf67188-f398-4b5c-bbc7-5687c359c304,South,E-F,1300.77,7,6,4188.48,2025-07-08,2025-07-07,False,-1,-1,3.22000046126525
6059ead1-9315-4a61-b939-eaabe57b834b,West,B-C,604.88,6,9,1832.79,2025-07-26,2025-07-29,True,3,3,3.0300059515937043
6964d921-8c23-44bd-a493-903494117d34,Midwest,D-E,1561.2,5,8,2732.1,2025-07-08,2025-07-11,True,3,3,1.75
cc97e49d-52a9-4b7a-9414-6ae41ac63d2e,Northeast,D-E,671.14,7,8,1409.39,2025-07-30,2025-07-31,False,1,1,2.0999940399916563
c4b3de6d-6fc4-4605-9858-048384d04292,Northeast,B-C,756.84,5,4,2300.79,2025-08-02,2025-08-01,False,-1,-1,3.0399952433803707
1fa0ed70-b518-4b41-bff3-abcc5444b695,West,E-F,1998.54,2,3,6635.15,2025-07-29,2025-07-30,False,1,1,3.319998598977253
442b6f75-e42c-45db-812a-b29fde16d096,Midwest,B-C,391.02,6,6,1321.65,2025-07-23,2025-07-23,False,0,0,3.3800061377934636
237a976d-2ae5-490e-916c-bbcdce9710bc,South,B-C,782.83,2,5,2622.48,2025-07-29,2025-08-01,True,3,3,3.3499993612917236
882c5b7e-0536-4434-abc8-a1415cdb13f5,South,B-C,845.96,4,7,2436.36,2025-07-13,2025-07-16,True,3,3,2.8799943259728593
38ac357c-a387-4efa-950f-2787577475c3,West,D-E,974.31,5,6,3390.6,2025-07-26,2025-07-27,False,1,1,3.4800012316408537
beff5dcc-b811-46a1-8aef-f2786f0c7bcc,South,D-E,912.02,3,4,2207.09,2025-07-30,2025-07-31,False,1,1,2.4200017543474925
d22de087-c0e0-428d-b4ca-d00055fe2660,Midwest,A-B,1642.08,5,8,4417.2,2025-07-17,2025-07-20,True,3,3,2.6900029231218943
e8927fee-1fe2-4d04-8f64-9f6a910e8277,Northeast,E-F,1030.26,2,5,3296.83,2025-07-03,2025-07-06,True,3,3,3.1999980587424535
b2fbc137-4ac7-42a9-9361-15f434e714f9,Northeast,E-F,947.79,5,8,2985.54,2025-07-06,2025-07-09,True,3,3,3.1500015826290633
786d301e-e836-44f2-95f5-0f23dac4e3de,Midwest,D-E,882.23,7,10,2902.54,2025-07-29,2025-08-01,True,3,3,3.290003740521179
78170de0-1aed-475a-aacc-1138a46a0631,Midwest,D-E,123.65,2,3,358.58,2025-07-26,2025-07-27,False,1,1,2.899959563283461
f5eb49db-f1b0-44ce-8bc8-7d2683056667,Northeast,B-C,566.76,4,7,946.49,2025-07-11,2025-07-14,True,3,3,1.6700014115322184
439f383d-8c79-45c4-81fb-f02b4e1a6686,West,B-C,1605.09,4,4,5537.56,2025-07-06,2025-07-06,False,0,0,3.4499996884909883
